[ 
  {"id":321,"description":"Enigma Wheelchair","type":"Product Sustainability Review","arrived":"Just now","started":"2 days ago","productRef":"WC01006","productUrl":"http://www.careco.co.uk/item-s-wc01006/enigma-lightweight-aluminium-self-propelled-wheelchair.htm?gclid=CjkKEQjw5e-cBRDysazatpTm5b8BEiQAWxTHh7IbT2w8JP7pu8HystNDFo6d8Ekm91p6ach3-aO4IoLw_wcB","productImageUrl":"http://www.careco.co.uk/csp/careco/mobility/products/320/WC01006_enigma_sp_lightweight_aluminium_.jpg"},
  {"id":331,"description":"Betterlife Wheelchair","type":"Product Sustainability Review","arrived":"3 hours ago","started":"3 hours ago"},
  {"id":341,"description":"Viva Medi Wheelchair","type":"Product Sustainability Review","arrived":"3 hours ago","started":"3 hours ago"}
]
